episode_start,asset,window,fwd_return,regime,regime_label,cb_sentiment,cb_decision,duration,peak_vix_z,peak_ovx_z
2008-09-17,SPX,30,-19.569521089454224,4,Oil-Led Systemic Stress,-0.1238,0.0,79,6.635,4.564
2008-09-17,SPX,60,-22.237309312311947,4,Oil-Led Systemic Stress,-0.1238,0.0,79,6.635,4.564
2008-09-17,SPX,90,-27.33939418442467,4,Oil-Led Systemic Stress,-0.1238,0.0,79,6.635,4.564
2008-09-17,FTSE,30,-13.636917100827537,4,Oil-Led Systemic Stress,-0.1238,0.0,79,6.635,4.564
2008-09-17,FTSE,60,-11.096411295753382,4,Oil-Led Systemic Stress,-0.1238,0.0,79,6.635,4.564
2008-09-17,FTSE,90,-17.35404317537879,4,Oil-Led Systemic Stress,-0.1238,0.0,79,6.635,4.564
2008-09-17,EUROSTOXX,30,-16.679973169173795,4,Oil-Led Systemic Stress,-0.1238,0.0,79,6.635,4.564
2008-09-17,EUROSTOXX,60,-17.33122887869047,4,Oil-Led Systemic Stress,-0.1238,0.0,79,6.635,4.564
2008-09-17,EUROSTOXX,90,-27.505907456294366,4,Oil-Led Systemic Stress,-0.1238,0.0,79,6.635,4.564
2008-09-17,NIKKEI,30,-30.11023717594688,4,Oil-Led Systemic Stress,-0.1238,0.0,79,6.635,4.564
2008-09-17,NIKKEI,60,-26.294510747989598,4,Oil-Led Systemic Stress,-0.1238,0.0,79,6.635,4.564
2008-09-17,NIKKEI,90,-32.75079715935749,4,Oil-Led Systemic Stress,-0.1238,0.0,79,6.635,4.564
2008-09-17,Gold,30,-11.079611445541225,4,Oil-Led Systemic Stress,-0.1238,0.0,79,6.635,4.564
2008-09-17,Gold,60,-4.665721844919944,4,Oil-Led Systemic Stress,-0.1238,0.0,79,6.635,4.564
2008-09-17,Gold,90,0.35435862113316036,4,Oil-Led Systemic Stress,-0.1238,0.0,79,6.635,4.564
2008-09-17,TLT,30,-3.3393989870509997,4,Oil-Led Systemic Stress,-0.1238,0.0,79,6.635,4.564
2008-09-17,TLT,60,15.061977511388516,4,Oil-Led Systemic Stress,-0.1238,0.0,79,6.635,4.564
2008-09-17,TLT,90,13.923891096287313,4,Oil-Led Systemic Stress,-0.1238,0.0,79,6.635,4.564
2008-09-17,USDJPY,30,-6.517512231867947,4,Oil-Led Systemic Stress,-0.1238,0.0,79,6.635,4.564
2008-09-17,USDJPY,60,-11.003751837522763,4,Oil-Led Systemic Stress,-0.1238,0.0,79,6.635,4.564
2008-09-17,USDJPY,90,-14.636832366729319,4,Oil-Led Systemic Stress,-0.1238,0.0,79,6.635,4.564
2008-09-17,USDCHF,30,2.6742824018614417,4,Oil-Led Systemic Stress,-0.1238,0.0,79,6.635,4.564
2008-09-17,USDCHF,60,8.702754090275079,4,Oil-Led Systemic Stress,-0.1238,0.0,79,6.635,4.564
2008-09-17,USDCHF,90,4.741192847269344,4,Oil-Led Systemic Stress,-0.1238,0.0,79,6.635,4.564
2008-09-17,WTI,30,-30.52696844810457,4,Oil-Led Systemic Stress,-0.1238,0.0,79,6.635,4.564
2008-09-17,WTI,60,-55.20790570458194,4,Oil-Led Systemic Stress,-0.1238,0.0,79,6.635,4.564
2008-09-17,WTI,90,-55.17703005805438,4,Oil-Led Systemic Stress,-0.1238,0.0,79,6.635,4.564
2008-09-17,Brent,30,-30.96794206164847,4,Oil-Led Systemic Stress,-0.1238,0.0,79,6.635,4.564
2008-09-17,Brent,60,-55.293121928412404,4,Oil-Led Systemic Stress,-0.1238,0.0,79,6.635,4.564
2008-09-17,Brent,90,-52.53057549963527,4,Oil-Led Systemic Stress,-0.1238,0.0,79,6.635,4.564
2008-09-17,USDBRL,30,12.25044778851308,4,Oil-Led Systemic Stress,-0.1238,0.0,79,6.635,4.564
2008-09-17,USDBRL,60,26.816804073945683,4,Oil-Led Systemic Stress,-0.1238,0.0,79,6.635,4.564
2008-09-17,USDBRL,90,22.653472047600957,4,Oil-Led Systemic Stress,-0.1238,0.0,79,6.635,4.564
2008-09-17,USDMXN,30,19.19699650260291,4,Oil-Led Systemic Stress,-0.1238,0.0,79,6.635,4.564
2008-09-17,USDMXN,60,24.116075954371464,4,Oil-Led Systemic Stress,-0.1238,0.0,79,6.635,4.564
2008-09-17,USDMXN,90,27.011444550654367,4,Oil-Led Systemic Stress,-0.1238,0.0,79,6.635,4.564
2008-09-17,USDZAR,30,18.856128329653615,4,Oil-Led Systemic Stress,-0.1238,0.0,79,6.635,4.564
2008-09-17,USDZAR,60,22.756511326468143,4,Oil-Led Systemic Stress,-0.1238,0.0,79,6.635,4.564
2008-09-17,USDZAR,90,20.25785099640761,4,Oil-Led Systemic Stress,-0.1238,0.0,79,6.635,4.564
2008-09-17,HYG,30,-13.19186919089389,4,Oil-Led Systemic Stress,-0.1238,0.0,79,6.635,4.564
2008-09-17,HYG,60,-18.108083994925156,4,Oil-Led Systemic Stress,-0.1238,0.0,79,6.635,4.564
2008-09-17,HYG,90,-4.876631246880681,4,Oil-Led Systemic Stress,-0.1238,0.0,79,6.635,4.564
2008-09-17,DXY,30,8.924457563226044,4,Oil-Led Systemic Stress,-0.1238,0.0,79,6.635,4.564
2008-09-17,DXY,60,9.449430252239901,4,Oil-Led Systemic Stress,-0.1238,0.0,79,6.635,4.564
2008-09-17,DXY,90,9.884764880323518,4,Oil-Led Systemic Stress,-0.1238,0.0,79,6.635,4.564
2008-09-17,AUDUSD,30,-15.101687541984987,4,Oil-Led Systemic Stress,-0.1238,0.0,79,6.635,4.564
2008-09-17,AUDUSD,60,-17.017650469289418,4,Oil-Led Systemic Stress,-0.1238,0.0,79,6.635,4.564
2008-09-17,AUDUSD,90,-16.733588818177775,4,Oil-Led Systemic Stress,-0.1238,0.0,79,6.635,4.564
2008-09-17,USDCAD,30,14.245654705585487,4,Oil-Led Systemic Stress,-0.1238,0.0,79,6.635,4.564
2008-09-17,USDCAD,60,17.479905858315227,4,Oil-Led Systemic Stress,-0.1238,0.0,79,6.635,4.564
2008-09-17,USDCAD,90,17.779021104322833,4,Oil-Led Systemic Stress,-0.1238,0.0,79,6.635,4.564
2010-05-20,SPX,30,-4.126575659867642,5,Equity-Led Systemic Stress,0.0748,0.0,19,4.963,1.357
2010-05-20,SPX,60,1.121699522638639,5,Equity-Led Systemic Stress,0.0748,0.0,19,4.963,1.357
2010-05-20,SPX,90,4.96831735388818,5,Equity-Led Systemic Stress,0.0748,0.0,19,4.963,1.357
2010-05-20,FTSE,30,-5.268973365856541,5,Equity-Led Systemic Stress,0.0748,0.0,19,4.963,1.357
2010-05-20,FTSE,60,3.8043798916793534,5,Equity-Led Systemic Stress,0.0748,0.0,19,4.963,1.357
2010-05-20,FTSE,90,9.34339931946121,5,Equity-Led Systemic Stress,0.0748,0.0,19,4.963,1.357
2010-05-20,EUROSTOXX,30,-1.982042755344418,5,Equity-Led Systemic Stress,0.0748,0.0,19,4.963,1.357
2010-05-20,EUROSTOXX,60,5.88695486935867,5,Equity-Led Systemic Stress,0.0748,0.0,19,4.963,1.357
2010-05-20,EUROSTOXX,90,6.578118764845605,5,Equity-Led Systemic Stress,0.0748,0.0,19,4.963,1.357
2010-05-20,NIKKEI,30,-8.361755487785702,5,Equity-Led Systemic Stress,0.0748,0.0,19,4.963,1.357
2010-05-20,NIKKEI,60,-8.152487426537359,5,Equity-Led Systemic Stress,0.0748,0.0,19,4.963,1.357
2010-05-20,NIKKEI,90,-4.625871759589611,5,Equity-Led Systemic Stress,0.0748,0.0,19,4.963,1.357
2010-05-20,Gold,30,1.5575011988130467,5,Equity-Led Systemic Stress,0.0748,0.0,19,4.963,1.357
2010-05-20,Gold,60,2.273109857727149,5,Equity-Led Systemic Stress,0.0748,0.0,19,4.963,1.357
2010-05-20,Gold,90,8.966155549923755,5,Equity-Led Systemic Stress,0.0748,0.0,19,4.963,1.357
2010-05-20,TLT,30,3.9926575515246228,5,Equity-Led Systemic Stress,0.0748,0.0,19,4.963,1.357
2010-05-20,TLT,60,3.7437025054873874,5,Equity-Led Systemic Stress,0.0748,0.0,19,4.963,1.357
2010-05-20,TLT,90,8.048428749436507,5,Equity-Led Systemic Stress,0.0748,0.0,19,4.963,1.357
2010-05-20,USDJPY,30,-1.9805350990980377,5,Equity-Led Systemic Stress,0.0748,0.0,19,4.963,1.357
2010-05-20,USDJPY,60,-4.697331931580459,5,Equity-Led Systemic Stress,0.0748,0.0,19,4.963,1.357
2010-05-20,USDJPY,90,-5.47163392566356,5,Equity-Led Systemic Stress,0.0748,0.0,19,4.963,1.357
2010-05-20,USDCHF,30,-7.756523624845663,5,Equity-Led Systemic Stress,0.0748,0.0,19,4.963,1.357
2010-05-20,USDCHF,60,-7.845215338110205,5,Equity-Led Systemic Stress,0.0748,0.0,19,4.963,1.357
2010-05-20,USDCHF,90,-14.208695457472913,5,Equity-Led Systemic Stress,0.0748,0.0,19,4.963,1.357
2010-05-20,WTI,30,7.2636298439109614,5,Equity-Led Systemic Stress,0.0748,0.0,19,4.963,1.357
2010-05-20,WTI,60,11.365968952706618,5,Equity-Led Systemic Stress,0.0748,0.0,19,4.963,1.357
2010-05-20,WTI,90,10.542564246040058,5,Equity-Led Systemic Stress,0.0748,0.0,19,4.963,1.357
2010-05-20,Brent,30,0.6959911267928123,5,Equity-Led Systemic Stress,0.0748,0.0,19,4.963,1.357
2010-05-20,Brent,60,5.12249511799437,5,Equity-Led Systemic Stress,0.0748,0.0,19,4.963,1.357
2010-05-20,Brent,90,8.72773467717167,5,Equity-Led Systemic Stress,0.0748,0.0,19,4.963,1.357
2010-05-20,USDBRL,30,-4.557510134813757,5,Equity-Led Systemic Stress,0.0748,0.0,19,4.963,1.357
2010-05-20,USDBRL,60,-6.170415400869063,5,Equity-Led Systemic Stress,0.0748,0.0,19,4.963,1.357
2010-05-20,USDBRL,90,-11.168294072525384,5,Equity-Led Systemic Stress,0.0748,0.0,19,4.963,1.357
2010-05-20,USDMXN,30,-0.8260066139591414,5,Equity-Led Systemic Stress,0.0748,0.0,19,4.963,1.357
2010-05-20,USDMXN,60,-2.9158082206427824,5,Equity-Led Systemic Stress,0.0748,0.0,19,4.963,1.357
2010-05-20,USDMXN,90,-3.571734325851503,5,Equity-Led Systemic Stress,0.0748,0.0,19,4.963,1.357
2010-05-20,USDZAR,30,-2.5416172734029026,5,Equity-Led Systemic Stress,0.0748,0.0,19,4.963,1.357
2010-05-20,USDZAR,60,-7.947429965013667,5,Equity-Led Systemic Stress,0.0748,0.0,19,4.963,1.357
2010-05-20,USDZAR,90,-11.43411720235111,5,Equity-Led Systemic Stress,0.0748,0.0,19,4.963,1.357
2010-05-20,HYG,30,4.016490923325202,5,Equity-Led Systemic Stress,0.0748,0.0,19,4.963,1.357
2010-05-20,HYG,60,7.259556679513358,5,Equity-Led Systemic Stress,0.0748,0.0,19,4.963,1.357
2010-05-20,HYG,90,10.114563964908802,5,Equity-Led Systemic Stress,0.0748,0.0,19,4.963,1.357
2010-05-20,DXY,30,-0.9933370073069039,5,Equity-Led Systemic Stress,0.0748,0.0,19,4.963,1.357
2010-05-20,DXY,60,-3.4240975991881473,5,Equity-Led Systemic Stress,0.0748,0.0,19,4.963,1.357
2010-05-20,DXY,90,-6.497601470635568,5,Equity-Led Systemic Stress,0.0748,0.0,19,4.963,1.357
2010-05-20,AUDUSD,30,4.133492209710663,5,Equity-Led Systemic Stress,0.0748,0.0,19,4.963,1.357
2010-05-20,AUDUSD,60,9.934732058057538,5,Equity-Led Systemic Stress,0.0748,0.0,19,4.963,1.357
2010-05-20,AUDUSD,90,17.163836830804634,5,Equity-Led Systemic Stress,0.0748,0.0,19,4.963,1.357
2010-05-20,USDCAD,30,-1.1780054026409852,5,Equity-Led Systemic Stress,0.0748,0.0,19,4.963,1.357
2010-05-20,USDCAD,60,-2.2122653035880955,5,Equity-Led Systemic Stress,0.0748,0.0,19,4.963,1.357
2010-05-20,USDCAD,90,-3.8177906145025817,5,Equity-Led Systemic Stress,0.0748,0.0,19,4.963,1.357
2011-08-04,SPX,30,0.7532926801853692,5,Equity-Led Systemic Stress,0.1673,0.0,99,8.088,6.114
2011-08-04,SPX,60,7.042924438913626,5,Equity-Led Systemic Stress,0.1673,0.0,99,8.088,6.114
2011-08-04,SPX,90,2.8565026066087253,5,Equity-Led Systemic Stress,0.1673,0.0,99,8.088,6.114
2011-08-04,FTSE,30,-1.0309487428281343,5,Equity-Led Systemic Stress,0.1673,0.0,99,8.088,6.114
2011-08-04,FTSE,60,5.9464816380956975,5,Equity-Led Systemic Stress,0.1673,0.0,99,8.088,6.114
2011-08-04,FTSE,90,1.6817731061707266,5,Equity-Led Systemic Stress,0.1673,0.0,99,8.088,6.114
2011-08-04,EUROSTOXX,30,-10.640093758159814,5,Equity-Led Systemic Stress,0.1673,0.0,99,8.088,6.114
2011-08-04,EUROSTOXX,60,2.6791920443205672,5,Equity-Led Systemic Stress,0.1673,0.0,99,8.088,6.114
2011-08-04,EUROSTOXX,90,-5.150292387007451,5,Equity-Led Systemic Stress,0.1673,0.0,99,8.088,6.114
2011-08-04,NIKKEI,30,-10.252623597209585,5,Equity-Led Systemic Stress,0.1673,0.0,99,8.088,6.114
2011-08-04,NIKKEI,60,-7.584905469618845,5,Equity-Led Systemic Stress,0.1673,0.0,99,8.088,6.114
2011-08-04,NIKKEI,90,-10.29693660903852,5,Equity-Led Systemic Stress,0.1673,0.0,99,8.088,6.114
2011-08-04,Gold,30,7.384377033798928,5,Equity-Led Systemic Stress,0.1673,0.0,99,8.088,6.114
2011-08-04,Gold,60,5.4643160649754305,5,Equity-Led Systemic Stress,0.1673,0.0,99,8.088,6.114
2011-08-04,Gold,90,3.2363301072629698,5,Equity-Led Systemic Stress,0.1673,0.0,99,8.088,6.114
2011-08-04,TLT,30,6.080390837588754,5,Equity-Led Systemic Stress,0.1673,0.0,99,8.088,6.114
2011-08-04,TLT,60,5.2712990367342565,5,Equity-Led Systemic Stress,0.1673,0.0,99,8.088,6.114
2011-08-04,TLT,90,14.302817458311132,5,Equity-Led Systemic Stress,0.1673,0.0,99,8.088,6.114
2011-08-04,USDJPY,30,-0.5641113722224816,5,Equity-Led Systemic Stress,0.1673,0.0,99,8.088,6.114
2011-08-04,USDJPY,60,-1.2034461687996625,5,Equity-Led Systemic Stress,0.1673,0.0,99,8.088,6.114
2011-08-04,USDJPY,90,0.7275093537058247,5,Equity-Led Systemic Stress,0.1673,0.0,99,8.088,6.114
2011-08-04,USDCHF,30,13.695593182789331,5,Equity-Led Systemic Stress,0.1673,0.0,99,8.088,6.114
2011-08-04,USDCHF,60,14.41327166023233,5,Equity-Led Systemic Stress,0.1673,0.0,99,8.088,6.114
2011-08-04,USDCHF,90,19.937967974667366,5,Equity-Led Systemic Stress,0.1673,0.0,99,8.088,6.114
2011-08-04,WTI,30,3.1975116706489883,5,Equity-Led Systemic Stress,0.1673,0.0,99,8.088,6.114
2011-08-04,WTI,60,8.461274458560004,5,Equity-Led Systemic Stress,0.1673,0.0,99,8.088,6.114
2011-08-04,WTI,90,13.517256672902228,5,Equity-Led Systemic Stress,0.1673,0.0,99,8.088,6.114
2011-08-04,Brent,30,7.543120128569347,5,Equity-Led Systemic Stress,0.1673,0.0,99,8.088,6.114
2011-08-04,Brent,60,4.503498210773588,5,Equity-Led Systemic Stress,0.1673,0.0,99,8.088,6.114
2011-08-04,Brent,90,0.8018653709571678,5,Equity-Led Systemic Stress,0.1673,0.0,99,8.088,6.114
2011-08-04,USDBRL,30,10.300704867842429,5,Equity-Led Systemic Stress,0.1673,0.0,99,8.088,6.114
2011-08-04,USDBRL,60,12.476011322670953,5,Equity-Led Systemic Stress,0.1673,0.0,99,8.088,6.114
2011-08-04,USDBRL,90,15.079975477817234,5,Equity-Led Systemic Stress,0.1673,0.0,99,8.088,6.114
2011-08-04,USDMXN,30,7.3194629299547715,5,Equity-Led Systemic Stress,0.1673,0.0,99,8.088,6.114
2011-08-04,USDMXN,60,8.696731366150622,5,Equity-Led Systemic Stress,0.1673,0.0,99,8.088,6.114
2011-08-04,USDMXN,90,13.620068621695822,5,Equity-Led Systemic Stress,0.1673,0.0,99,8.088,6.114
2011-08-04,USDZAR,30,10.010867771611217,5,Equity-Led Systemic Stress,0.1673,0.0,99,8.088,6.114
2011-08-04,USDZAR,60,17.97727239807541,5,Equity-Led Systemic Stress,0.1673,0.0,99,8.088,6.114
2011-08-04,USDZAR,90,19.281681904457333,5,Equity-Led Systemic Stress,0.1673,0.0,99,8.088,6.114
2011-08-04,HYG,30,0.6320827716916559,5,Equity-Led Systemic Stress,0.1673,0.0,99,8.088,6.114
2011-08-04,HYG,60,5.309354484760534,5,Equity-Led Systemic Stress,0.1673,0.0,99,8.088,6.114
2011-08-04,HYG,90,2.5521297667514253,5,Equity-Led Systemic Stress,0.1673,0.0,99,8.088,6.114
2011-08-04,DXY,30,1.4909412622970917,5,Equity-Led Systemic Stress,0.1673,0.0,99,8.088,6.114
2011-08-04,DXY,60,-0.33280083980211916,5,Equity-Led Systemic Stress,0.1673,0.0,99,8.088,6.114
2011-08-04,DXY,90,4.912133489211851,5,Equity-Led Systemic Stress,0.1673,0.0,99,8.088,6.114
2011-08-04,AUDUSD,30,-4.497202804949651,5,Equity-Led Systemic Stress,0.1673,0.0,99,8.088,6.114
2011-08-04,AUDUSD,60,-3.363037144534669,5,Equity-Led Systemic Stress,0.1673,0.0,99,8.088,6.114
2011-08-04,AUDUSD,90,-4.50112441702024,5,Equity-Led Systemic Stress,0.1673,0.0,99,8.088,6.114
2011-08-04,USDCAD,30,2.9944900277105093,5,Equity-Led Systemic Stress,0.1673,0.0,99,8.088,6.114
2011-08-04,USDCAD,60,4.4636319874834705,5,Equity-Led Systemic Stress,0.1673,0.0,99,8.088,6.114
2011-08-04,USDCAD,90,5.030691648316849,5,Equity-Led Systemic Stress,0.1673,0.0,99,8.088,6.114
2014-10-07,SPX,30,6.030699949073774,4,Oil-Led Systemic Stress,0.3155,0.0,11,5.543,7.366
2014-10-07,SPX,60,7.5060784405380305,4,Oil-Led Systemic Stress,0.3155,0.0,11,5.543,7.366
2014-10-07,SPX,90,6.8983573969746805,4,Oil-Led Systemic Stress,0.3155,0.0,11,5.543,7.366
2014-10-07,FTSE,30,3.286840273264903,4,Oil-Led Systemic Stress,0.3155,0.0,11,5.543,7.366
2014-10-07,FTSE,60,0.79130336798745,4,Oil-Led Systemic Stress,0.3155,0.0,11,5.543,7.366
2014-10-07,FTSE,90,5.134244642313092,4,Oil-Led Systemic Stress,0.3155,0.0,11,5.543,7.366
2014-10-07,EUROSTOXX,30,1.2433023913756047,4,Oil-Led Systemic Stress,0.3155,0.0,11,5.543,7.366
2014-10-07,EUROSTOXX,60,1.7471805525256803,4,Oil-Led Systemic Stress,0.3155,0.0,11,5.543,7.366
2014-10-07,EUROSTOXX,90,9.767034671754006,4,Oil-Led Systemic Stress,0.3155,0.0,11,5.543,7.366
2014-10-07,NIKKEI,30,9.88499281243747,4,Oil-Led Systemic Stress,0.3155,0.0,11,5.543,7.366
2014-10-07,NIKKEI,60,10.561058025043183,4,Oil-Led Systemic Stress,0.3155,0.0,11,5.543,7.366
2014-10-07,NIKKEI,90,11.840279578054133,4,Oil-Led Systemic Stress,0.3155,0.0,11,5.543,7.366
2014-10-07,Gold,30,-1.2379302306229365,4,Oil-Led Systemic Stress,0.3155,0.0,11,5.543,7.366
2014-10-07,Gold,60,-0.9490798434775846,4,Oil-Led Systemic Stress,0.3155,0.0,11,5.543,7.366
2014-10-07,Gold,90,1.6423227874868305,4,Oil-Led Systemic Stress,0.3155,0.0,11,5.543,7.366
2014-10-07,TLT,30,0.378076163366037,4,Oil-Led Systemic Stress,0.3155,0.0,11,5.543,7.366
2014-10-07,TLT,60,6.014749089644886,4,Oil-Led Systemic Stress,0.3155,0.0,11,5.543,7.366
2014-10-07,TLT,90,9.635398999547768,4,Oil-Led Systemic Stress,0.3155,0.0,11,5.543,7.366
2014-10-07,USDJPY,30,7.144438933095672,4,Oil-Led Systemic Stress,0.3155,0.0,11,5.543,7.366
2014-10-07,USDJPY,60,10.805753735963261,4,Oil-Led Systemic Stress,0.3155,0.0,11,5.543,7.366
2014-10-07,USDJPY,90,8.905286825523378,4,Oil-Led Systemic Stress,0.3155,0.0,11,5.543,7.366
2014-10-07,USDCHF,30,0.6037471103857688,4,Oil-Led Systemic Stress,0.3155,0.0,11,5.543,7.366
2014-10-07,USDCHF,60,3.1793183611839706,4,Oil-Led Systemic Stress,0.3155,0.0,11,5.543,7.366
2014-10-07,USDCHF,90,-3.588075167944757,4,Oil-Led Systemic Stress,0.3155,0.0,11,5.543,7.366
2014-10-07,WTI,30,-16.02700968860134,4,Oil-Led Systemic Stress,0.3155,0.0,11,5.543,7.366
2014-10-07,WTI,60,-39.08835130970989,4,Oil-Led Systemic Stress,0.3155,0.0,11,5.543,7.366
2014-10-07,WTI,90,-43.702868523590624,4,Oil-Led Systemic Stress,0.3155,0.0,11,5.543,7.366
2014-10-07,Brent,30,-14.808380522489692,4,Oil-Led Systemic Stress,0.3155,0.0,11,5.543,7.366
2014-10-07,Brent,60,-37.14037439776984,4,Oil-Led Systemic Stress,0.3155,0.0,11,5.543,7.366
2014-10-07,Brent,90,-38.73629363668245,4,Oil-Led Systemic Stress,0.3155,0.0,11,5.543,7.366
2014-10-07,USDBRL,30,7.3970318836818665,4,Oil-Led Systemic Stress,0.3155,0.0,11,5.543,7.366
2014-10-07,USDBRL,60,11.29757890064778,4,Oil-Led Systemic Stress,0.3155,0.0,11,5.543,7.366
2014-10-07,USDBRL,90,14.060120256241248,4,Oil-Led Systemic Stress,0.3155,0.0,11,5.543,7.366
2014-10-07,USDMXN,30,0.6969806143660652,4,Oil-Led Systemic Stress,0.3155,0.0,11,5.543,7.366
2014-10-07,USDMXN,60,9.42098666957587,4,Oil-Led Systemic Stress,0.3155,0.0,11,5.543,7.366
2014-10-07,USDMXN,90,10.949153355911642,4,Oil-Led Systemic Stress,0.3155,0.0,11,5.543,7.366
2014-10-07,USDZAR,30,-0.842916223794504,4,Oil-Led Systemic Stress,0.3155,0.0,11,5.543,7.366
2014-10-07,USDZAR,60,3.564446626715126,4,Oil-Led Systemic Stress,0.3155,0.0,11,5.543,7.366
2014-10-07,USDZAR,90,3.2096415016633904,4,Oil-Led Systemic Stress,0.3155,0.0,11,5.543,7.366
2014-10-07,HYG,30,-0.2609368729947719,4,Oil-Led Systemic Stress,0.3155,0.0,11,5.543,7.366
2014-10-07,HYG,60,-0.9381966592685993,4,Oil-Led Systemic Stress,0.3155,0.0,11,5.543,7.366
2014-10-07,HYG,90,0.7816695289009591,4,Oil-Led Systemic Stress,0.3155,0.0,11,5.543,7.366
2014-10-07,DXY,30,2.2294895563587582,4,Oil-Led Systemic Stress,0.3155,0.0,11,5.543,7.366
2014-10-07,DXY,60,5.042605097650375,4,Oil-Led Systemic Stress,0.3155,0.0,11,5.543,7.366
2014-10-07,DXY,90,10.610486940082865,4,Oil-Led Systemic Stress,0.3155,0.0,11,5.543,7.366
2014-10-07,AUDUSD,30,-0.696683962954082,4,Oil-Led Systemic Stress,0.3155,0.0,11,5.543,7.366
2014-10-07,AUDUSD,60,-7.217244306117644,4,Oil-Led Systemic Stress,0.3155,0.0,11,5.543,7.366
2014-10-07,AUDUSD,90,-11.066912055365519,4,Oil-Led Systemic Stress,0.3155,0.0,11,5.543,7.366
2014-10-07,USDCAD,30,1.3504467580677464,4,Oil-Led Systemic Stress,0.3155,0.0,11,5.543,7.366
2014-10-07,USDCAD,60,4.457803900527563,4,Oil-Led Systemic Stress,0.3155,0.0,11,5.543,7.366
2014-10-07,USDCAD,90,11.928759170809473,4,Oil-Led Systemic Stress,0.3155,0.0,11,5.543,7.366
2014-12-11,SPX,30,1.366851905574518,4,Oil-Led Systemic Stress,0.3563,0.0,7,3.684,5.21
2014-12-11,SPX,60,3.228473241517354,4,Oil-Led Systemic Stress,0.3563,0.0,7,3.684,5.21
2014-12-11,SPX,90,3.4225425696930976,4,Oil-Led Systemic Stress,0.3563,0.0,7,3.684,5.21
2014-12-11,FTSE,30,5.1828449513441655,4,Oil-Led Systemic Stress,0.3563,0.0,7,3.684,5.21
2014-12-11,FTSE,60,7.728614563486384,4,Oil-Led Systemic Stress,0.3563,0.0,7,3.684,5.21
2014-12-11,FTSE,90,9.266907881642146,4,Oil-Led Systemic Stress,0.3563,0.0,7,3.684,5.21
2014-12-11,EUROSTOXX,30,5.176767803618549,4,Oil-Led Systemic Stress,0.3563,0.0,7,3.684,5.21
2014-12-11,EUROSTOXX,60,14.532568916703342,4,Oil-Led Systemic Stress,0.3563,0.0,7,3.684,5.21
2014-12-11,EUROSTOXX,90,18.758759369893387,4,Oil-Led Systemic Stress,0.3563,0.0,7,3.684,5.21
2014-12-11,NIKKEI,30,0.4150053832204459,4,Oil-Led Systemic Stress,0.3563,0.0,7,3.684,5.21
2014-12-11,NIKKEI,60,8.659702036796036,4,Oil-Led Systemic Stress,0.3563,0.0,7,3.684,5.21
2014-12-11,NIKKEI,90,15.230388593480445,4,Oil-Led Systemic Stress,0.3563,0.0,7,3.684,5.21
2014-12-11,Gold,30,6.170922952616968,4,Oil-Led Systemic Stress,0.3563,0.0,7,3.684,5.21
2014-12-11,Gold,60,-2.3834749615360433,4,Oil-Led Systemic Stress,0.3563,0.0,7,3.684,5.21
2014-12-11,Gold,90,-2.212062372540347,4,Oil-Led Systemic Stress,0.3563,0.0,7,3.684,5.21
2014-12-11,TLT,30,6.894654102410522,4,Oil-Led Systemic Stress,0.3563,0.0,7,3.684,5.21
2014-12-11,TLT,60,1.9665373476206043,4,Oil-Led Systemic Stress,0.3563,0.0,7,3.684,5.21
2014-12-11,TLT,90,5.149361754629689,4,Oil-Led Systemic Stress,0.3563,0.0,7,3.684,5.21
2014-12-11,USDJPY,30,0.1282832893256144,4,Oil-Led Systemic Stress,0.3563,0.0,7,3.684,5.21
2014-12-11,USDJPY,60,1.6498325096766642,4,Oil-Led Systemic Stress,0.3563,0.0,7,3.684,5.21
2014-12-11,USDJPY,90,1.2182569832141523,4,Oil-Led Systemic Stress,0.3563,0.0,7,3.684,5.21
2014-12-11,USDCHF,30,-10.79758796004205,4,Oil-Led Systemic Stress,0.3563,0.0,7,3.684,5.21
2014-12-11,USDCHF,60,-0.13061416462082948,4,Oil-Led Systemic Stress,0.3563,0.0,7,3.684,5.21
2014-12-11,USDCHF,90,0.01451405802988731,4,Oil-Led Systemic Stress,0.3563,0.0,7,3.684,5.21
2014-12-11,WTI,30,-22.75229227032898,4,Oil-Led Systemic Stress,0.3563,0.0,7,3.684,5.21
2014-12-11,WTI,60,-15.329445078318374,4,Oil-Led Systemic Stress,0.3563,0.0,7,3.684,5.21
2014-12-11,WTI,90,-5.404506484126246,4,Oil-Led Systemic Stress,0.3563,0.0,7,3.684,5.21
2014-12-11,Brent,30,-23.806532309611082,4,Oil-Led Systemic Stress,0.3563,0.0,7,3.684,5.21
2014-12-11,Brent,60,-5.0251268021419335,4,Oil-Led Systemic Stress,0.3563,0.0,7,3.684,5.21
2014-12-11,Brent,90,-5.150751827226802,4,Oil-Led Systemic Stress,0.3563,0.0,7,3.684,5.21
2014-12-11,USDBRL,30,-0.6123007962674916,4,Oil-Led Systemic Stress,0.3563,0.0,7,3.684,5.21
2014-12-11,USDBRL,60,13.711682044821341,4,Oil-Led Systemic Stress,0.3563,0.0,7,3.684,5.21
2014-12-11,USDBRL,90,15.79732222300891,4,Oil-Led Systemic Stress,0.3563,0.0,7,3.684,5.21
2014-12-11,USDMXN,30,-1.1678382464121024,4,Oil-Led Systemic Stress,0.3563,0.0,7,3.684,5.21
2014-12-11,USDMXN,60,2.781151545620997,4,Oil-Led Systemic Stress,0.3563,0.0,7,3.684,5.21
2014-12-11,USDMXN,90,2.6654146522222857,4,Oil-Led Systemic Stress,0.3563,0.0,7,3.684,5.21
2014-12-11,USDZAR,30,-0.2555061445998758,4,Oil-Led Systemic Stress,0.3563,0.0,7,3.684,5.21
2014-12-11,USDZAR,60,2.1722363274322025,4,Oil-Led Systemic Stress,0.3563,0.0,7,3.684,5.21
2014-12-11,USDZAR,90,4.480151122446009,4,Oil-Led Systemic Stress,0.3563,0.0,7,3.684,5.21
2014-12-11,HYG,30,2.2004855500602867,4,Oil-Led Systemic Stress,0.3563,0.0,7,3.684,5.21
2014-12-11,HYG,60,4.418956756716107,4,Oil-Led Systemic Stress,0.3563,0.0,7,3.684,5.21
2014-12-11,HYG,90,5.0154601445369975,4,Oil-Led Systemic Stress,0.3563,0.0,7,3.684,5.21
2014-12-11,DXY,30,6.293699493771693,4,Oil-Led Systemic Stress,0.3563,0.0,7,3.684,5.21
2014-12-11,DXY,60,8.707414022595932,4,Oil-Led Systemic Stress,0.3563,0.0,7,3.684,5.21
2014-12-11,DXY,90,9.880435534630719,4,Oil-Led Systemic Stress,0.3563,0.0,7,3.684,5.21
2014-12-11,AUDUSD,30,-2.794879309932973,4,Oil-Led Systemic Stress,0.3563,0.0,7,3.684,5.21
2014-12-11,AUDUSD,60,-6.125798141033536,4,Oil-Led Systemic Stress,0.3563,0.0,7,3.684,5.21
2014-12-11,AUDUSD,90,-7.8630096112351024,4,Oil-Led Systemic Stress,0.3563,0.0,7,3.684,5.21
2014-12-11,USDCAD,30,7.64628763443012,4,Oil-Led Systemic Stress,0.3563,0.0,7,3.684,5.21
2014-12-11,USDCAD,60,8.349172287099876,4,Oil-Led Systemic Stress,0.3563,0.0,7,3.684,5.21
2014-12-11,USDCAD,90,7.299201171987284,4,Oil-Led Systemic Stress,0.3563,0.0,7,3.684,5.21
2015-01-05,SPX,30,3.781589238808595,4,Oil-Led Systemic Stress,0.1385,0.0,15,2.801,3.282
2015-01-05,SPX,60,3.249563769200846,4,Oil-Led Systemic Stress,0.1385,0.0,15,2.801,3.282
2015-01-05,SPX,90,4.194346371513681,4,Oil-Led Systemic Stress,0.1385,0.0,15,2.801,3.282
2015-01-05,FTSE,30,6.8550129177063654,4,Oil-Led Systemic Stress,0.1385,0.0,15,2.801,3.282
2015-01-05,FTSE,60,7.389510886346249,4,Oil-Led Systemic Stress,0.1385,0.0,15,2.801,3.282
2015-01-05,FTSE,90,9.54777299107486,4,Oil-Led Systemic Stress,0.1385,0.0,15,2.801,3.282
2015-01-05,EUROSTOXX,30,13.56735615367824,4,Oil-Led Systemic Stress,0.1385,0.0,15,2.801,3.282
2015-01-05,EUROSTOXX,60,23.308883521399597,4,Oil-Led Systemic Stress,0.1385,0.0,15,2.801,3.282
2015-01-05,EUROSTOXX,90,19.88892478999669,4,Oil-Led Systemic Stress,0.1385,0.0,15,2.801,3.282
2015-01-05,NIKKEI,30,3.4239099947718343,4,Oil-Led Systemic Stress,0.1385,0.0,15,2.801,3.282
2015-01-05,NIKKEI,60,11.503950294280656,4,Oil-Led Systemic Stress,0.1385,0.0,15,2.801,3.282
2015-01-05,NIKKEI,90,12.707426912263303,4,Oil-Led Systemic Stress,0.1385,0.0,15,2.801,3.282
2015-01-05,Gold,30,1.8772302622833568,4,Oil-Led Systemic Stress,0.1385,0.0,15,2.801,3.282
2015-01-05,Gold,60,-1.5865084474297149,4,Oil-Led Systemic Stress,0.1385,0.0,15,2.801,3.282
2015-01-05,Gold,90,-1.7194179601634458,4,Oil-Led Systemic Stress,0.1385,0.0,15,2.801,3.282
2015-01-05,TLT,30,-0.6733607289961773,4,Oil-Led Systemic Stress,0.1385,0.0,15,2.801,3.282
2015-01-05,TLT,60,1.2437262625453793,4,Oil-Led Systemic Stress,0.1385,0.0,15,2.801,3.282
2015-01-05,TLT,90,-6.817793348095898,4,Oil-Led Systemic Stress,0.1385,0.0,15,2.801,3.282
2015-01-05,USDJPY,30,-1.547734395910177,4,Oil-Led Systemic Stress,0.1385,0.0,15,2.801,3.282
2015-01-05,USDJPY,60,-0.9831095259739541,4,Oil-Led Systemic Stress,0.1385,0.0,15,2.801,3.282
2015-01-05,USDJPY,90,-0.5430354707873194,4,Oil-Led Systemic Stress,0.1385,0.0,15,2.801,3.282
2015-01-05,USDCHF,30,-7.367271515332807,4,Oil-Led Systemic Stress,0.1385,0.0,15,2.801,3.282
2015-01-05,USDCHF,60,-4.432290949362483,4,Oil-Led Systemic Stress,0.1385,0.0,15,2.801,3.282
2015-01-05,USDCHF,90,-7.385168316451475,4,Oil-Led Systemic Stress,0.1385,0.0,15,2.801,3.282
2015-01-05,WTI,30,5.475615135169433,4,Oil-Led Systemic Stress,0.1385,0.0,15,2.801,3.282
2015-01-05,WTI,60,-2.7178269094106993,4,Oil-Led Systemic Stress,0.1385,0.0,15,2.801,3.282
2015-01-05,WTI,90,18.40527361304425,4,Oil-Led Systemic Stress,0.1385,0.0,15,2.801,3.282
2015-01-05,Brent,30,8.058743607814362,4,Oil-Led Systemic Stress,0.1385,0.0,15,2.801,3.282
2015-01-05,Brent,60,5.987573467577731,4,Oil-Led Systemic Stress,0.1385,0.0,15,2.801,3.282
2015-01-05,Brent,90,22.21804352504168,4,Oil-Led Systemic Stress,0.1385,0.0,15,2.801,3.282
2015-01-05,USDBRL,30,5.190990449702335,4,Oil-Led Systemic Stress,0.1385,0.0,15,2.801,3.282
2015-01-05,USDBRL,60,20.43697787797721,4,Oil-Led Systemic Stress,0.1385,0.0,15,2.801,3.282
2015-01-05,USDBRL,90,10.404279485894012,4,Oil-Led Systemic Stress,0.1385,0.0,15,2.801,3.282
2015-01-05,USDMXN,30,-0.1628586623387492,4,Oil-Led Systemic Stress,0.1385,0.0,15,2.801,3.282
2015-01-05,USDMXN,60,2.1518894496606813,4,Oil-Led Systemic Stress,0.1385,0.0,15,2.801,3.282
2015-01-05,USDMXN,90,2.6351798074664874,4,Oil-Led Systemic Stress,0.1385,0.0,15,2.801,3.282
2015-01-05,USDZAR,30,-0.7068738597677322,4,Oil-Led Systemic Stress,0.1385,0.0,15,2.801,3.282
2015-01-05,USDZAR,60,2.6601915773150298,4,Oil-Led Systemic Stress,0.1385,0.0,15,2.801,3.282
2015-01-05,USDZAR,90,1.7708480298860134,4,Oil-Led Systemic Stress,0.1385,0.0,15,2.801,3.282
2015-01-05,HYG,30,3.0641782781069082,4,Oil-Led Systemic Stress,0.1385,0.0,15,2.801,3.282
2015-01-05,HYG,60,3.0526292719276458,4,Oil-Led Systemic Stress,0.1385,0.0,15,2.801,3.282
2015-01-05,HYG,90,3.7351475583722213,4,Oil-Led Systemic Stress,0.1385,0.0,15,2.801,3.282
2015-01-05,DXY,30,3.086014203966031,4,Oil-Led Systemic Stress,0.1385,0.0,15,2.801,3.282
2015-01-05,DXY,60,7.2225938956993945,4,Oil-Led Systemic Stress,0.1385,0.0,15,2.801,3.282
2015-01-05,DXY,90,3.9724283124518838,4,Oil-Led Systemic Stress,0.1385,0.0,15,2.801,3.282
2015-01-05,AUDUSD,30,-3.743106076109658,4,Oil-Led Systemic Stress,0.1385,0.0,15,2.801,3.282
2015-01-05,AUDUSD,60,-4.130244461404,4,Oil-Led Systemic Stress,0.1385,0.0,15,2.801,3.282
2015-01-05,AUDUSD,90,-1.759525158712627,4,Oil-Led Systemic Stress,0.1385,0.0,15,2.801,3.282
2015-01-05,USDCAD,30,5.606718499578224,4,Oil-Led Systemic Stress,0.1385,0.0,15,2.801,3.282
2015-01-05,USDCAD,60,6.910884153291024,4,Oil-Led Systemic Stress,0.1385,0.0,15,2.801,3.282
2015-01-05,USDCAD,90,2.5218431598701465,4,Oil-Led Systemic Stress,0.1385,0.0,15,2.801,3.282
2016-01-07,SPX,30,-1.2999917764981617,4,Oil-Led Systemic Stress,0.1729,1.0,15,2.338,2.785
2016-01-07,SPX,60,6.003325963593068,4,Oil-Led Systemic Stress,0.1729,1.0,15,2.338,2.785
2016-01-07,SPX,90,6.228231514255776,4,Oil-Led Systemic Stress,0.1729,1.0,15,2.338,2.785
2016-01-07,FTSE,30,0.30063153205630605,4,Oil-Led Systemic Stress,0.1729,1.0,15,2.338,2.785
2016-01-07,FTSE,60,3.7083656819006925,4,Oil-Led Systemic Stress,0.1729,1.0,15,2.338,2.785
2016-01-07,FTSE,90,2.520953547880978,4,Oil-Led Systemic Stress,0.1729,1.0,15,2.338,2.785
2016-01-07,EUROSTOXX,30,-6.144236468516561,4,Oil-Led Systemic Stress,0.1729,1.0,15,2.338,2.785
2016-01-07,EUROSTOXX,60,-2.585357371504796,4,Oil-Led Systemic Stress,0.1729,1.0,15,2.338,2.785
2016-01-07,EUROSTOXX,90,-4.837453933956789,4,Oil-Led Systemic Stress,0.1729,1.0,15,2.338,2.785
2016-01-07,NIKKEI,30,-8.839477675747657,4,Oil-Led Systemic Stress,0.1729,1.0,15,2.338,2.785
2016-01-07,NIKKEI,60,-5.6771015286783,4,Oil-Led Systemic Stress,0.1729,1.0,15,2.338,2.785
2016-01-07,NIKKEI,90,-6.309329420489096,4,Oil-Led Systemic Stress,0.1729,1.0,15,2.338,2.785
2016-01-07,Gold,30,10.688817336211212,4,Oil-Led Systemic Stress,0.1729,1.0,15,2.338,2.785
2016-01-07,Gold,60,11.42006008632312,4,Oil-Led Systemic Stress,0.1729,1.0,15,2.338,2.785
2016-01-07,Gold,90,14.679074191908162,4,Oil-Led Systemic Stress,0.1729,1.0,15,2.338,2.785
2016-01-07,TLT,30,6.7895750753170585,4,Oil-Led Systemic Stress,0.1729,1.0,15,2.338,2.785
2016-01-07,TLT,60,6.755164567964522,4,Oil-Led Systemic Stress,0.1729,1.0,15,2.338,2.785
2016-01-07,TLT,90,7.519949979352041,4,Oil-Led Systemic Stress,0.1729,1.0,15,2.338,2.785
2016-01-07,USDJPY,30,-3.650621202911276,4,Oil-Led Systemic Stress,0.1729,1.0,15,2.338,2.785
2016-01-07,USDJPY,60,-5.264314361156405,4,Oil-Led Systemic Stress,0.1729,1.0,15,2.338,2.785
2016-01-07,USDJPY,90,-8.59539637666477,4,Oil-Led Systemic Stress,0.1729,1.0,15,2.338,2.785
2016-01-07,USDCHF,30,-1.478078479634582,4,Oil-Led Systemic Stress,0.1729,1.0,15,2.338,2.785
2016-01-07,USDCHF,60,-4.212866542020696,4,Oil-Led Systemic Stress,0.1729,1.0,15,2.338,2.785
2016-01-07,USDCHF,90,-3.6420845857099016,4,Oil-Led Systemic Stress,0.1729,1.0,15,2.338,2.785
2016-01-07,WTI,30,-7.514277023151096,4,Oil-Led Systemic Stress,0.1729,1.0,15,2.338,2.785
2016-01-07,WTI,60,15.238952885680279,4,Oil-Led Systemic Stress,0.1729,1.0,15,2.338,2.785
2016-01-07,WTI,90,40.36669708563783,4,Oil-Led Systemic Stress,0.1729,1.0,15,2.338,2.785
2016-01-07,Brent,30,1.5703667534722223,4,Oil-Led Systemic Stress,0.1729,1.0,15,2.338,2.785
2016-01-07,Brent,60,17.333328812210627,4,Oil-Led Systemic Stress,0.1729,1.0,15,2.338,2.785
2016-01-07,Brent,90,42.45926468460648,4,Oil-Led Systemic Stress,0.1729,1.0,15,2.338,2.785
2016-01-07,USDBRL,30,-0.9701683478758781,4,Oil-Led Systemic Stress,0.1729,1.0,15,2.338,2.785
2016-01-07,USDBRL,60,-10.542545076171889,4,Oil-Led Systemic Stress,0.1729,1.0,15,2.338,2.785
2016-01-07,USDBRL,90,-14.251594330525894,4,Oil-Led Systemic Stress,0.1729,1.0,15,2.338,2.785
2016-01-07,USDMXN,30,2.632101525597312,4,Oil-Led Systemic Stress,0.1729,1.0,15,2.338,2.785
2016-01-07,USDMXN,60,-3.16309900782892,4,Oil-Led Systemic Stress,0.1729,1.0,15,2.338,2.785
2016-01-07,USDMXN,90,0.7594176649506355,4,Oil-Led Systemic Stress,0.1729,1.0,15,2.338,2.785
2016-01-07,USDZAR,30,-2.5102969703501246,4,Oil-Led Systemic Stress,0.1729,1.0,15,2.338,2.785
2016-01-07,USDZAR,60,-5.980493850443883,4,Oil-Led Systemic Stress,0.1729,1.0,15,2.338,2.785
2016-01-07,USDZAR,90,-5.337850320708359,4,Oil-Led Systemic Stress,0.1729,1.0,15,2.338,2.785
2016-01-07,HYG,30,-2.3277627465211213,4,Oil-Led Systemic Stress,0.1729,1.0,15,2.338,2.785
2016-01-07,HYG,60,3.5076376463362617,4,Oil-Led Systemic Stress,0.1729,1.0,15,2.338,2.785
2016-01-07,HYG,90,6.33310877941371,4,Oil-Led Systemic Stress,0.1729,1.0,15,2.338,2.785
2016-01-07,DXY,30,-1.2930200129067273,4,Oil-Led Systemic Stress,0.1729,1.0,15,2.338,2.785
2016-01-07,DXY,60,-3.695789897880144,4,Oil-Led Systemic Stress,0.1729,1.0,15,2.338,2.785
2016-01-07,DXY,90,-4.153941947004061,4,Oil-Led Systemic Stress,0.1729,1.0,15,2.338,2.785
2016-01-07,AUDUSD,30,1.3562973691326425,4,Oil-Led Systemic Stress,0.1729,1.0,15,2.338,2.785
2016-01-07,AUDUSD,60,8.205006416626453,4,Oil-Led Systemic Stress,0.1729,1.0,15,2.338,2.785
2016-01-07,AUDUSD,90,3.9217104224130357,4,Oil-Led Systemic Stress,0.1729,1.0,15,2.338,2.785
2016-01-07,USDCAD,30,-2.773745550921374,4,Oil-Led Systemic Stress,0.1729,1.0,15,2.338,2.785
2016-01-07,USDCAD,60,-7.755408593244603,4,Oil-Led Systemic Stress,0.1729,1.0,15,2.338,2.785
2016-01-07,USDCAD,90,-8.584262129602182,4,Oil-Led Systemic Stress,0.1729,1.0,15,2.338,2.785
2018-12-18,SPX,30,3.685553583823525,4,Oil-Led Systemic Stress,0.3458,0.0,11,4.044,3.37
2018-12-18,SPX,60,9.63647672932709,4,Oil-Led Systemic Stress,0.3458,0.0,11,4.044,3.37
2018-12-18,SPX,90,15.219783238602941,4,Oil-Led Systemic Stress,0.3458,0.0,11,4.044,3.37
2018-12-18,FTSE,30,1.974152482386545,4,Oil-Led Systemic Stress,0.3458,0.0,11,4.044,3.37
2018-12-18,FTSE,60,6.708847008246413,4,Oil-Led Systemic Stress,0.3458,0.0,11,4.044,3.37
2018-12-18,FTSE,90,12.258266503954825,4,Oil-Led Systemic Stress,0.3458,0.0,11,4.044,3.37
2018-12-18,EUROSTOXX,30,3.726486809099503,4,Oil-Led Systemic Stress,0.3458,0.0,11,4.044,3.37
2018-12-18,EUROSTOXX,60,8.677920961564592,4,Oil-Led Systemic Stress,0.3458,0.0,11,4.044,3.37
2018-12-18,EUROSTOXX,90,15.253302744248245,4,Oil-Led Systemic Stress,0.3458,0.0,11,4.044,3.37
2018-12-18,NIKKEI,30,-2.134970414693773,4,Oil-Led Systemic Stress,0.3458,0.0,11,4.044,3.37
2018-12-18,NIKKEI,60,1.838654865226605,4,Oil-Led Systemic Stress,0.3458,0.0,11,4.044,3.37
2018-12-18,NIKKEI,90,5.419212273300336,4,Oil-Led Systemic Stress,0.3458,0.0,11,4.044,3.37
2018-12-18,Gold,30,4.723022919161346,4,Oil-Led Systemic Stress,0.3458,0.0,11,4.044,3.37
2018-12-18,Gold,60,3.7704210292407856,4,Oil-Led Systemic Stress,0.3458,0.0,11,4.044,3.37
2018-12-18,Gold,90,1.609037659455085,4,Oil-Led Systemic Stress,0.3458,0.0,11,4.044,3.37
2018-12-18,TLT,30,1.1872974299701797,4,Oil-Led Systemic Stress,0.3458,0.0,11,4.044,3.37
2018-12-18,TLT,60,2.5035997274742905,4,Oil-Led Systemic Stress,0.3458,0.0,11,4.044,3.37
2018-12-18,TLT,90,3.158668182779528,4,Oil-Led Systemic Stress,0.3458,0.0,11,4.044,3.37
2018-12-18,USDJPY,30,-3.1685156318094534,4,Oil-Led Systemic Stress,0.3458,0.0,11,4.044,3.37
2018-12-18,USDJPY,60,-1.31792312290926,4,Oil-Led Systemic Stress,0.3458,0.0,11,4.044,3.37
2018-12-18,USDJPY,90,-0.797668601947566,4,Oil-Led Systemic Stress,0.3458,0.0,11,4.044,3.37
2018-12-18,USDCHF,30,-0.10175202026849804,4,Oil-Led Systemic Stress,0.3458,0.0,11,4.044,3.37
2018-12-18,USDCHF,60,1.7761236977903148,4,Oil-Led Systemic Stress,0.3458,0.0,11,4.044,3.37
2018-12-18,USDCHF,90,2.285898617157318,4,Oil-Led Systemic Stress,0.3458,0.0,11,4.044,3.37
2018-12-18,WTI,30,15.289791172556555,4,Oil-Led Systemic Stress,0.3458,0.0,11,4.044,3.37
2018-12-18,WTI,60,22.98874755095042,4,Oil-Led Systemic Stress,0.3458,0.0,11,4.044,3.37
2018-12-18,WTI,90,43.382354336359434,4,Oil-Led Systemic Stress,0.3458,0.0,11,4.044,3.37
2018-12-18,Brent,30,8.993959339231491,4,Oil-Led Systemic Stress,0.3458,0.0,11,4.044,3.37
2018-12-18,Brent,60,18.503377458203264,4,Oil-Led Systemic Stress,0.3458,0.0,11,4.044,3.37
2018-12-18,Brent,90,32.438685316690055,4,Oil-Led Systemic Stress,0.3458,0.0,11,4.044,3.37
2018-12-18,USDBRL,30,-3.540640746271686,4,Oil-Led Systemic Stress,0.3458,0.0,11,4.044,3.37
2018-12-18,USDBRL,60,-1.547102687537031,4,Oil-Led Systemic Stress,0.3458,0.0,11,4.044,3.37
2018-12-18,USDBRL,90,0.9364731556738894,4,Oil-Led Systemic Stress,0.3458,0.0,11,4.044,3.37
2018-12-18,USDMXN,30,-5.142828523375539,4,Oil-Led Systemic Stress,0.3458,0.0,11,4.044,3.37
2018-12-18,USDMXN,60,-3.3803721485686165,4,Oil-Led Systemic Stress,0.3458,0.0,11,4.044,3.37
2018-12-18,USDMXN,90,-6.196409664310145,4,Oil-Led Systemic Stress,0.3458,0.0,11,4.044,3.37
2018-12-18,USDZAR,30,-5.026075829840894,4,Oil-Led Systemic Stress,0.3458,0.0,11,4.044,3.37
2018-12-18,USDZAR,60,-0.5744063924563434,4,Oil-Led Systemic Stress,0.3458,0.0,11,4.044,3.37
2018-12-18,USDZAR,90,-1.5987507529749434,4,Oil-Led Systemic Stress,0.3458,0.0,11,4.044,3.37
2018-12-18,HYG,30,2.619434306085693,4,Oil-Led Systemic Stress,0.3458,0.0,11,4.044,3.37
2018-12-18,HYG,60,5.1501616542104385,4,Oil-Led Systemic Stress,0.3458,0.0,11,4.044,3.37
2018-12-18,HYG,90,7.218284900951712,4,Oil-Led Systemic Stress,0.3458,0.0,11,4.044,3.37
2018-12-18,DXY,30,-1.3588631903624269,4,Oil-Led Systemic Stress,0.3458,0.0,11,4.044,3.37
2018-12-18,DXY,60,-0.20588526816844316,4,Oil-Led Systemic Stress,0.3458,0.0,11,4.044,3.37
2018-12-18,DXY,90,0.44266039517970546,4,Oil-Led Systemic Stress,0.3458,0.0,11,4.044,3.37
2018-12-18,AUDUSD,30,-0.15621999921603485,4,Oil-Led Systemic Stress,0.3458,0.0,11,4.044,3.37
2018-12-18,AUDUSD,60,-1.4465070035324938,4,Oil-Led Systemic Stress,0.3458,0.0,11,4.044,3.37
2018-12-18,AUDUSD,90,-0.5567065890939822,4,Oil-Led Systemic Stress,0.3458,0.0,11,4.044,3.37
2018-12-18,USDCAD,30,-1.1332894796602595,4,Oil-Led Systemic Stress,0.3458,0.0,11,4.044,3.37
2018-12-18,USDCAD,60,-0.13196986984240497,4,Oil-Led Systemic Stress,0.3458,0.0,11,4.044,3.37
2018-12-18,USDCAD,90,-0.49954435375959927,4,Oil-Led Systemic Stress,0.3458,0.0,11,4.044,3.37
2020-02-27,SPX,30,-6.342905799286469,4,Oil-Led Systemic Stress,0.0009,0.0,37,8.296,10.291
2020-02-27,SPX,60,-1.0155232345280523,4,Oil-Led Systemic Stress,0.0009,0.0,37,8.296,10.291
2020-02-27,SPX,90,5.077616172640261,4,Oil-Led Systemic Stress,0.0009,0.0,37,8.296,10.291
2020-02-27,FTSE,30,-14.032424823947823,4,Oil-Led Systemic Stress,0.0009,0.0,37,8.296,10.291
2020-02-27,FTSE,60,-11.492850757455964,4,Oil-Led Systemic Stress,0.0009,0.0,37,8.296,10.291
2020-02-27,FTSE,90,-8.180801718395978,4,Oil-Led Systemic Stress,0.0009,0.0,37,8.296,10.291
2020-02-27,EUROSTOXX,30,-16.294645001698285,4,Oil-Led Systemic Stress,0.0009,0.0,37,8.296,10.291
2020-02-27,EUROSTOXX,60,-14.859430800070758,4,Oil-Led Systemic Stress,0.0009,0.0,37,8.296,10.291
2020-02-27,EUROSTOXX,90,-3.9303524692401117,4,Oil-Led Systemic Stress,0.0009,0.0,37,8.296,10.291
2020-02-27,NIKKEI,30,-11.857269957163046,4,Oil-Led Systemic Stress,0.0009,0.0,37,8.296,10.291
2020-02-27,NIKKEI,60,-6.360056788461911,4,Oil-Led Systemic Stress,0.0009,0.0,37,8.296,10.291
2020-02-27,NIKKEI,90,0.9008948080417217,4,Oil-Led Systemic Stress,0.0009,0.0,37,8.296,10.291
2020-02-27,Gold,30,5.86585068121189,4,Oil-Led Systemic Stress,0.0009,0.0,37,8.296,10.291
2020-02-27,Gold,60,4.908536585365854,4,Oil-Led Systemic Stress,0.0009,0.0,37,8.296,10.291
2020-02-27,Gold,90,8.780487804878048,4,Oil-Led Systemic Stress,0.0009,0.0,37,8.296,10.291
2020-02-27,TLT,30,9.213578680286737,4,Oil-Led Systemic Stress,0.0009,0.0,37,8.296,10.291
2020-02-27,TLT,60,8.806434791668165,4,Oil-Led Systemic Stress,0.0009,0.0,37,8.296,10.291
2020-02-27,TLT,90,8.431073542882569,4,Oil-Led Systemic Stress,0.0009,0.0,37,8.296,10.291
2020-02-27,USDJPY,30,-1.305692945677159,4,Oil-Led Systemic Stress,0.0009,0.0,37,8.296,10.291
2020-02-27,USDJPY,60,-2.5117073389587055,4,Oil-Led Systemic Stress,0.0009,0.0,37,8.296,10.291
2020-02-27,USDJPY,90,-2.7155855459946454,4,Oil-Led Systemic Stress,0.0009,0.0,37,8.296,10.291
2020-02-27,USDCHF,30,-0.4680514246107794,4,Oil-Led Systemic Stress,0.0009,0.0,37,8.296,10.291
2020-02-27,USDCHF,60,-1.1972695860706841,4,Oil-Led Systemic Stress,0.0009,0.0,37,8.296,10.291
2020-02-27,USDCHF,90,-3.1360397765572006,4,Oil-Led Systemic Stress,0.0009,0.0,37,8.296,10.291
2020-02-27,WTI,30,-51.66702026941693,4,Oil-Led Systemic Stress,0.0009,0.0,37,8.296,10.291
2020-02-27,WTI,60,-27.967725506407337,4,Oil-Led Systemic Stress,0.0009,0.0,37,8.296,10.291
2020-02-27,WTI,90,-13.675936729329285,4,Oil-Led Systemic Stress,0.0009,0.0,37,8.296,10.291
2020-02-27,Brent,30,-39.6703730200749,4,Oil-Led Systemic Stress,0.0009,0.0,37,8.296,10.291
2020-02-27,Brent,60,-30.893060248383726,4,Oil-Led Systemic Stress,0.0009,0.0,37,8.296,10.291
2020-02-27,Brent,90,-17.324647111262394,4,Oil-Led Systemic Stress,0.0009,0.0,37,8.296,10.291
2020-02-27,USDBRL,30,15.15811849796135,4,Oil-Led Systemic Stress,0.0009,0.0,37,8.296,10.291
2020-02-27,USDBRL,60,27.902266978006075,4,Oil-Led Systemic Stress,0.0009,0.0,37,8.296,10.291
2020-02-27,USDBRL,90,19.48932949457148,4,Oil-Led Systemic Stress,0.0009,0.0,37,8.296,10.291
2020-02-27,USDMXN,30,24.358243677672604,4,Oil-Led Systemic Stress,0.0009,0.0,37,8.296,10.291
2020-02-27,USDMXN,60,20.267316920534867,4,Oil-Led Systemic Stress,0.0009,0.0,37,8.296,10.291
2020-02-27,USDMXN,90,17.758323169408065,4,Oil-Led Systemic Stress,0.0009,0.0,37,8.296,10.291
2020-02-27,USDZAR,30,19.191224247983794,4,Oil-Led Systemic Stress,0.0009,0.0,37,8.296,10.291
2020-02-27,USDZAR,60,17.337198993039866,4,Oil-Led Systemic Stress,0.0009,0.0,37,8.296,10.291
2020-02-27,USDZAR,90,11.586774117717008,4,Oil-Led Systemic Stress,0.0009,0.0,37,8.296,10.291
2020-02-27,HYG,30,-2.9750555884489502,4,Oil-Led Systemic Stress,0.0009,0.0,37,8.296,10.291
2020-02-27,HYG,60,-4.101869952910788,4,Oil-Led Systemic Stress,0.0009,0.0,37,8.296,10.291
2020-02-27,HYG,90,-2.008195484043092,4,Oil-Led Systemic Stress,0.0009,0.0,37,8.296,10.291
2020-02-27,DXY,30,1.0971090764681846,4,Oil-Led Systemic Stress,0.0009,0.0,37,8.296,10.291
2020-02-27,DXY,60,0.9447381979997078,4,Oil-Led Systemic Stress,0.0009,0.0,37,8.296,10.291
2020-02-27,DXY,90,-1.1377516444584288,4,Oil-Led Systemic Stress,0.0009,0.0,37,8.296,10.291
2020-02-27,AUDUSD,30,-4.753801066935488,4,Oil-Led Systemic Stress,0.0009,0.0,37,8.296,10.291
2020-02-27,AUDUSD,60,0.6993751930215077,4,Oil-Led Systemic Stress,0.0009,0.0,37,8.296,10.291
2020-02-27,AUDUSD,90,5.601802820881868,4,Oil-Led Systemic Stress,0.0009,0.0,37,8.296,10.291
2020-02-27,USDCAD,30,4.934322919406952,4,Oil-Led Systemic Stress,0.0009,0.0,37,8.296,10.291
2020-02-27,USDCAD,60,4.190239636104086,4,Oil-Led Systemic Stress,0.0009,0.0,37,8.296,10.291
2020-02-27,USDCAD,90,1.8410967401168161,4,Oil-Led Systemic Stress,0.0009,0.0,37,8.296,10.291
2021-11-26,SPX,30,1.7936122218346822,4,Oil-Led Systemic Stress,0.5748,0.0,11,3.206,7.361
2021-11-26,SPX,60,-5.348646759297931,4,Oil-Led Systemic Stress,0.5748,0.0,11,3.206,7.361
2021-11-26,SPX,90,-1.061246689880807,4,Oil-Led Systemic Stress,0.5748,0.0,11,3.206,7.361
2021-11-26,FTSE,30,6.26490353048694,4,Oil-Led Systemic Stress,0.5748,0.0,11,3.206,7.361
2021-11-26,FTSE,60,6.666668053041596,4,Oil-Led Systemic Stress,0.5748,0.0,11,3.206,7.361
2021-11-26,FTSE,90,7.0116397266290456,4,Oil-Led Systemic Stress,0.5748,0.0,11,3.206,7.361
2021-11-26,EUROSTOXX,30,5.287828967005991,4,Oil-Led Systemic Stress,0.5748,0.0,11,3.206,7.361
2021-11-26,EUROSTOXX,60,-0.37412273475128527,4,Oil-Led Systemic Stress,0.5748,0.0,11,3.206,7.361
2021-11-26,EUROSTOXX,90,-4.178916740095469,4,Oil-Led Systemic Stress,0.5748,0.0,11,3.206,7.361
2021-11-26,NIKKEI,30,-0.9497155357215277,4,Oil-Led Systemic Stress,0.5748,0.0,11,3.206,7.361
2021-11-26,NIKKEI,60,-5.6676767320644785,4,Oil-Led Systemic Stress,0.5748,0.0,11,3.206,7.361
2021-11-26,NIKKEI,90,-3.77592185874858,4,Oil-Led Systemic Stress,0.5748,0.0,11,3.206,7.361
2021-11-26,Gold,30,0.6553492887402806,4,Oil-Led Systemic Stress,0.5748,0.0,11,3.206,7.361
2021-11-26,Gold,60,6.34626805909643,4,Oil-Led Systemic Stress,0.5748,0.0,11,3.206,7.361
2021-11-26,Gold,90,7.494534425495527,4,Oil-Led Systemic Stress,0.5748,0.0,11,3.206,7.361
2021-11-26,TLT,30,-5.2724327017768156,4,Oil-Led Systemic Stress,0.5748,0.0,11,3.206,7.361
2021-11-26,TLT,60,-7.827751056326243,4,Oil-Led Systemic Stress,0.5748,0.0,11,3.206,7.361
2021-11-26,TLT,90,-11.47624862876762,4,Oil-Led Systemic Stress,0.5748,0.0,11,3.206,7.361
2021-11-26,USDJPY,30,0.6917567876144163,4,Oil-Led Systemic Stress,0.5748,0.0,11,3.206,7.361
2021-11-26,USDJPY,60,-0.17641843524910353,4,Oil-Led Systemic Stress,0.5748,0.0,11,3.206,7.361
2021-11-26,USDJPY,90,5.81129274241821,4,Oil-Led Systemic Stress,0.5748,0.0,11,3.206,7.361
2021-11-26,USDCHF,30,-1.4840490600102914,4,Oil-Led Systemic Stress,0.5748,0.0,11,3.206,7.361
2021-11-26,USDCHF,60,-1.6765048614224665,4,Oil-Led Systemic Stress,0.5748,0.0,11,3.206,7.361
2021-11-26,USDCHF,90,-1.2926639091043093,4,Oil-Led Systemic Stress,0.5748,0.0,11,3.206,7.361
2021-11-26,WTI,30,15.774027526496612,4,Oil-Led Systemic Stress,0.5748,0.0,11,3.206,7.361
2021-11-26,WTI,60,33.63169135108793,4,Oil-Led Systemic Stress,0.5748,0.0,11,3.206,7.361
2021-11-26,WTI,90,45.66396833515868,4,Oil-Led Systemic Stress,0.5748,0.0,11,3.206,7.361
2021-11-26,Brent,30,12.417489862095968,4,Oil-Led Systemic Stress,0.5748,0.0,11,3.206,7.361
2021-11-26,Brent,60,28.630362136045783,4,Oil-Led Systemic Stress,0.5748,0.0,11,3.206,7.361
2021-11-26,Brent,90,43.55060181149856,4,Oil-Led Systemic Stress,0.5748,0.0,11,3.206,7.361
2021-11-26,USDBRL,30,2.107779366063909,4,Oil-Led Systemic Stress,0.5748,0.0,11,3.206,7.361
2021-11-26,USDBRL,60,-7.088825751587651,4,Oil-Led Systemic Stress,0.5748,0.0,11,3.206,7.361
2021-11-26,USDBRL,90,-14.86586122480595,4,Oil-Led Systemic Stress,0.5748,0.0,11,3.206,7.361
2021-11-26,USDMXN,30,-5.232033330904807,4,Oil-Led Systemic Stress,0.5748,0.0,11,3.206,7.361
2021-11-26,USDMXN,60,-6.163846489153749,4,Oil-Led Systemic Stress,0.5748,0.0,11,3.206,7.361
2021-11-26,USDMXN,90,-8.089435505253114,4,Oil-Led Systemic Stress,0.5748,0.0,11,3.206,7.361
2021-11-26,USDZAR,30,-2.6161643867387023,4,Oil-Led Systemic Stress,0.5748,0.0,11,3.206,7.361
2021-11-26,USDZAR,60,-6.964449642515594,4,Oil-Led Systemic Stress,0.5748,0.0,11,3.206,7.361
2021-11-26,USDZAR,90,-9.452197243449815,4,Oil-Led Systemic Stress,0.5748,0.0,11,3.206,7.361
2021-11-26,HYG,30,1.1448014969428753,4,Oil-Led Systemic Stress,0.5748,0.0,11,3.206,7.361
2021-11-26,HYG,60,-2.0124318857588066,4,Oil-Led Systemic Stress,0.5748,0.0,11,3.206,7.361
2021-11-26,HYG,90,-2.3706497776828237,4,Oil-Led Systemic Stress,0.5748,0.0,11,3.206,7.361
2021-11-26,DXY,30,-0.3642402825059689,4,Oil-Led Systemic Stress,0.5748,0.0,11,3.206,7.361
2021-11-26,DXY,60,-0.052029789019324625,4,Oil-Led Systemic Stress,0.5748,0.0,11,3.206,7.361
2021-11-26,DXY,90,2.6433562413673912,4,Oil-Led Systemic Stress,0.5748,0.0,11,3.206,7.361
2021-11-26,AUDUSD,30,-0.15478404762984901,4,Oil-Led Systemic Stress,0.5748,0.0,11,3.206,7.361
2021-11-26,AUDUSD,60,0.21783929146810788,4,Oil-Led Systemic Stress,0.5748,0.0,11,3.206,7.361
2021-11-26,AUDUSD,90,4.4359767015485385,4,Oil-Led Systemic Stress,0.5748,0.0,11,3.206,7.361
2021-11-26,USDCAD,30,0.5251206759017769,4,Oil-Led Systemic Stress,0.5748,0.0,11,3.206,7.361
2021-11-26,USDCAD,60,0.32454799840575327,4,Oil-Led Systemic Stress,0.5748,0.0,11,3.206,7.361
2021-11-26,USDCAD,90,-1.304517841432458,4,Oil-Led Systemic Stress,0.5748,0.0,11,3.206,7.361
2022-01-24,SPX,30,-4.739997338336611,5,Equity-Led Systemic Stress,0.273,0.0,5,3.762,1.318
2022-01-24,SPX,60,-0.41812694628599417,5,Equity-Led Systemic Stress,0.273,0.0,5,3.762,1.318
2022-01-24,SPX,90,-5.711615193447791,5,Equity-Led Systemic Stress,0.273,0.0,5,3.762,1.318
2022-01-24,FTSE,30,-4.627804997448588,5,Equity-Led Systemic Stress,0.273,0.0,5,3.762,1.318
2022-01-24,FTSE,60,4.374276414073088,5,Equity-Led Systemic Stress,0.273,0.0,5,3.762,1.318
2022-01-24,FTSE,90,4.150905747910325,5,Equity-Led Systemic Stress,0.273,0.0,5,3.762,1.318
2022-01-24,EUROSTOXX,30,-13.371780561038799,5,Equity-Led Systemic Stress,0.273,0.0,5,3.762,1.318
2022-01-24,EUROSTOXX,60,-5.073061354484367,5,Equity-Led Systemic Stress,0.273,0.0,5,3.762,1.318
2022-01-24,EUROSTOXX,90,-5.247190298783157,5,Equity-Led Systemic Stress,0.273,0.0,5,3.762,1.318
2022-01-24,NIKKEI,30,-8.579553841367,5,Equity-Led Systemic Stress,0.273,0.0,5,3.762,1.318
2022-01-24,NIKKEI,60,-2.8586619205542982,5,Equity-Led Systemic Stress,0.273,0.0,5,3.762,1.318
2022-01-24,NIKKEI,90,-0.7935933146646306,5,Equity-Led Systemic Stress,0.273,0.0,5,3.762,1.318
2022-01-24,Gold,30,8.264108013107265,5,Equity-Led Systemic Stress,0.273,0.0,5,3.762,1.318
2022-01-24,Gold,60,7.6668337397925095,5,Equity-Led Systemic Stress,0.273,0.0,5,3.762,1.318
2022-01-24,Gold,90,0.5212628501261267,5,Equity-Led Systemic Stress,0.273,0.0,5,3.762,1.318
2022-01-24,TLT,30,-2.0369311732932793,5,Equity-Led Systemic Stress,0.273,0.0,5,3.762,1.318
2022-01-24,TLT,60,-15.295745220403829,5,Equity-Led Systemic Stress,0.273,0.0,5,3.762,1.318
2022-01-24,TLT,90,-15.90717495124205,5,Equity-Led Systemic Stress,0.273,0.0,5,3.762,1.318
2022-01-24,USDJPY,30,1.023854856649068,5,Equity-Led Systemic Stress,0.273,0.0,5,3.762,1.318
2022-01-24,USDJPY,60,11.278281092136892,5,Equity-Led Systemic Stress,0.273,0.0,5,3.762,1.318
2022-01-24,USDJPY,90,11.864480876661892,5,Equity-Led Systemic Stress,0.273,0.0,5,3.762,1.318
2022-01-24,USDCHF,30,0.8239853841130995,5,Equity-Led Systemic Stress,0.273,0.0,5,3.762,1.318
2022-01-24,USDCHF,60,3.254299791046738,5,Equity-Led Systemic Stress,0.273,0.0,5,3.762,1.318
2022-01-24,USDCHF,90,4.953761073824114,5,Equity-Led Systemic Stress,0.273,0.0,5,3.762,1.318
2022-01-24,WTI,30,43.32013566787379,5,Equity-Led Systemic Stress,0.273,0.0,5,3.762,1.318
2022-01-24,WTI,60,29.888371450696766,5,Equity-Led Systemic Stress,0.273,0.0,5,3.762,1.318
2022-01-24,WTI,90,38.122678030200355,5,Equity-Led Systemic Stress,0.273,0.0,5,3.762,1.318
2022-01-24,Brent,30,42.819060946810815,5,Equity-Led Systemic Stress,0.273,0.0,5,3.762,1.318
2022-01-24,Brent,60,31.16959321361483,5,Equity-Led Systemic Stress,0.273,0.0,5,3.762,1.318
2022-01-24,Brent,90,38.43746951713191,5,Equity-Led Systemic Stress,0.273,0.0,5,3.762,1.318
2022-01-24,USDBRL,30,-7.266491255786252,5,Equity-Led Systemic Stress,0.273,0.0,5,3.762,1.318
2022-01-24,USDBRL,60,-13.862670267156735,5,Equity-Led Systemic Stress,0.273,0.0,5,3.762,1.318
2022-01-24,USDBRL,90,-13.33125603790441,5,Equity-Led Systemic Stress,0.273,0.0,5,3.762,1.318
2022-01-24,USDMXN,30,2.5484389108194225,5,Equity-Led Systemic Stress,0.273,0.0,5,3.762,1.318
2022-01-24,USDMXN,60,-2.418559574356946,5,Equity-Led Systemic Stress,0.273,0.0,5,3.762,1.318
2022-01-24,USDMXN,90,-4.294524994589915,5,Equity-Led Systemic Stress,0.273,0.0,5,3.762,1.318
2022-01-24,USDZAR,30,1.565787403406988,5,Equity-Led Systemic Stress,0.273,0.0,5,3.762,1.318
2022-01-24,USDZAR,60,-2.920319886739757,5,Equity-Led Systemic Stress,0.273,0.0,5,3.762,1.318
2022-01-24,USDZAR,90,3.339113058580581,5,Equity-Led Systemic Stress,0.273,0.0,5,3.762,1.318
2022-01-24,HYG,30,-3.435123939575658,5,Equity-Led Systemic Stress,0.273,0.0,5,3.762,1.318
2022-01-24,HYG,60,-5.067997116861461,5,Equity-Led Systemic Stress,0.273,0.0,5,3.762,1.318
2022-01-24,HYG,90,-4.6026566969465765,5,Equity-Led Systemic Stress,0.273,0.0,5,3.762,1.318
2022-01-24,DXY,30,3.5133473841882075,5,Equity-Led Systemic Stress,0.273,0.0,5,3.762,1.318
2022-01-24,DXY,60,5.066723001590926,5,Equity-Led Systemic Stress,0.273,0.0,5,3.762,1.318
2022-01-24,DXY,90,5.9945789301126124,5,Equity-Led Systemic Stress,0.273,0.0,5,3.762,1.318
2022-01-24,AUDUSD,30,2.878789750854716,5,Equity-Led Systemic Stress,0.273,0.0,5,3.762,1.318
2022-01-24,AUDUSD,60,2.8650990370975222,5,Equity-Led Systemic Stress,0.273,0.0,5,3.762,1.318
2022-01-24,AUDUSD,90,-0.3488354061925312,5,Equity-Led Systemic Stress,0.273,0.0,5,3.762,1.318
2022-01-24,USDCAD,30,1.218846360482004,5,Equity-Led Systemic Stress,0.273,0.0,5,3.762,1.318
2022-01-24,USDCAD,60,0.42989747204380474,5,Equity-Led Systemic Stress,0.273,0.0,5,3.762,1.318
2022-01-24,USDCAD,90,1.2952727886326671,5,Equity-Led Systemic Stress,0.273,0.0,5,3.762,1.318
2022-02-11,SPX,30,2.8157966710408178,5,Equity-Led Systemic Stress,0.305,0.0,7,2.524,1.958
2022-02-11,SPX,60,-6.683058222252917,5,Equity-Led Systemic Stress,0.305,0.0,7,2.524,1.958
2022-02-11,SPX,90,-16.833234339388078,5,Equity-Led Systemic Stress,0.305,0.0,7,2.524,1.958
2022-02-11,FTSE,30,-2.3182364920539094,5,Equity-Led Systemic Stress,0.305,0.0,7,2.524,1.958
2022-02-11,FTSE,60,-3.56481004642018,5,Equity-Led Systemic Stress,0.305,0.0,7,2.524,1.958
2022-02-11,FTSE,90,-8.415353025877822,5,Equity-Led Systemic Stress,0.305,0.0,7,2.524,1.958
2022-02-11,EUROSTOXX,30,-6.918991279697284,5,Equity-Led Systemic Stress,0.305,0.0,7,2.524,1.958
2022-02-11,EUROSTOXX,60,-12.66019115828591,5,Equity-Led Systemic Stress,0.305,0.0,7,2.524,1.958
2022-02-11,EUROSTOXX,90,-17.249827877165814,5,Equity-Led Systemic Stress,0.305,0.0,7,2.524,1.958
2022-02-11,NIKKEI,30,1.6383537466133697,5,Equity-Led Systemic Stress,0.305,0.0,7,2.524,1.958
2022-02-11,NIKKEI,60,-2.500424353542247,5,Equity-Led Systemic Stress,0.305,0.0,7,2.524,1.958
2022-02-11,NIKKEI,90,-6.257492299402421,5,Equity-Led Systemic Stress,0.305,0.0,7,2.524,1.958
2022-02-11,Gold,30,6.1386352130931945,5,Equity-Led Systemic Stress,0.305,0.0,7,2.524,1.958
2022-02-11,Gold,60,2.1946925940961948,5,Equity-Led Systemic Stress,0.305,0.0,7,2.524,1.958
2022-02-11,Gold,90,-0.2824898470367901,5,Equity-Led Systemic Stress,0.305,0.0,7,2.524,1.958
2022-02-11,TLT,30,-6.813454190605009,5,Equity-Led Systemic Stress,0.305,0.0,7,2.524,1.958
2022-02-11,TLT,60,-17.404013470196723,5,Equity-Led Systemic Stress,0.305,0.0,7,2.524,1.958
2022-02-11,TLT,90,-18.414457206582092,5,Equity-Led Systemic Stress,0.305,0.0,7,2.524,1.958
2022-02-11,USDJPY,30,5.427976388960476,5,Equity-Led Systemic Stress,0.305,0.0,7,2.524,1.958
2022-02-11,USDJPY,60,12.307948608173085,5,Equity-Led Systemic Stress,0.305,0.0,7,2.524,1.958
2022-02-11,USDJPY,90,14.109807743486874,5,Equity-Led Systemic Stress,0.305,0.0,7,2.524,1.958
2022-02-11,USDCHF,30,0.4148403427468298,5,Equity-Led Systemic Stress,0.305,0.0,7,2.524,1.958
2022-02-11,USDCHF,60,6.433315754261315,5,Equity-Led Systemic Stress,0.305,0.0,7,2.524,1.958
2022-02-11,USDCHF,90,4.439044084835454,5,Equity-Led Systemic Stress,0.305,0.0,7,2.524,1.958
2022-02-11,WTI,30,22.341571850336354,5,Equity-Led Systemic Stress,0.305,0.0,7,2.524,1.958
2022-02-11,WTI,60,17.905476307369707,5,Equity-Led Systemic Stress,0.305,0.0,7,2.524,1.958
2022-02-11,WTI,90,17.67991337727899,5,Equity-Led Systemic Stress,0.305,0.0,7,2.524,1.958
2022-02-11,Brent,30,27.75306904585717,5,Equity-Led Systemic Stress,0.305,0.0,7,2.524,1.958
2022-02-11,Brent,60,19.006773066719248,5,Equity-Led Systemic Stress,0.305,0.0,7,2.524,1.958
2022-02-11,Brent,90,19.779754153188964,5,Equity-Led Systemic Stress,0.305,0.0,7,2.524,1.958
2022-02-11,USDBRL,30,-8.047706790080275,5,Equity-Led Systemic Stress,0.305,0.0,7,2.524,1.958
2022-02-11,USDBRL,60,-4.20485564063628,5,Equity-Led Systemic Stress,0.305,0.0,7,2.524,1.958
2022-02-11,USDBRL,90,-3.7437898155427813,5,Equity-Led Systemic Stress,0.305,0.0,7,2.524,1.958
2022-02-11,USDMXN,30,-2.387971378079185,5,Equity-Led Systemic Stress,0.305,0.0,7,2.524,1.958
2022-02-11,USDMXN,60,-1.6660770337949926,5,Equity-Led Systemic Stress,0.305,0.0,7,2.524,1.958
2022-02-11,USDMXN,90,-0.7783153905869927,5,Equity-Led Systemic Stress,0.305,0.0,7,2.524,1.958
2022-02-11,USDZAR,30,-4.416496986470913,5,Equity-Led Systemic Stress,0.305,0.0,7,2.524,1.958
2022-02-11,USDZAR,60,5.441110090768023,5,Equity-Led Systemic Stress,0.305,0.0,7,2.524,1.958
2022-02-11,USDZAR,90,5.550642624214733,5,Equity-Led Systemic Stress,0.305,0.0,7,2.524,1.958
2022-02-11,HYG,30,-1.2587872255007433,5,Equity-Led Systemic Stress,0.305,0.0,7,2.524,1.958
2022-02-11,HYG,60,-5.035055565167964,5,Equity-Led Systemic Stress,0.305,0.0,7,2.524,1.958
2022-02-11,HYG,90,-9.016484101761884,5,Equity-Led Systemic Stress,0.305,0.0,7,2.524,1.958
2022-02-11,DXY,30,2.8413776805910826,5,Equity-Led Systemic Stress,0.305,0.0,7,2.524,1.958
2022-02-11,DXY,60,7.889260706284372,5,Equity-Led Systemic Stress,0.305,0.0,7,2.524,1.958
2022-02-11,DXY,90,8.97168500511144,5,Equity-Led Systemic Stress,0.305,0.0,7,2.524,1.958
2022-02-11,AUDUSD,30,4.923125322764617,5,Equity-Led Systemic Stress,0.305,0.0,7,2.524,1.958
2022-02-11,AUDUSD,60,-0.5682571480528841,5,Equity-Led Systemic Stress,0.305,0.0,7,2.524,1.958
2022-02-11,AUDUSD,90,-1.692329011217748,5,Equity-Led Systemic Stress,0.305,0.0,7,2.524,1.958
2022-02-11,USDCAD,30,-1.6619545978531265,5,Equity-Led Systemic Stress,0.305,0.0,7,2.524,1.958
2022-02-11,USDCAD,60,0.7461441432399009,5,Equity-Led Systemic Stress,0.305,0.0,7,2.524,1.958
2022-02-11,USDCAD,90,1.7420641370678336,5,Equity-Led Systemic Stress,0.305,0.0,7,2.524,1.958
2022-03-01,SPX,30,2.117624914674994,4,Oil-Led Systemic Stress,0.305,0.0,15,3.961,4.634
2022-03-01,SPX,60,-8.470919196935784,4,Oil-Led Systemic Stress,0.305,0.0,15,3.961,4.634
2022-03-01,SPX,90,-11.027432131186204,4,Oil-Led Systemic Stress,0.305,0.0,15,3.961,4.634
2022-03-01,FTSE,30,3.3628003796899195,4,Oil-Led Systemic Stress,0.305,0.0,15,3.961,4.634
2022-03-01,FTSE,60,2.103622041999034,4,Oil-Led Systemic Stress,0.305,0.0,15,3.961,4.634
2022-03-01,FTSE,90,-4.156778630784859,4,Oil-Led Systemic Stress,0.305,0.0,15,3.961,4.634
2022-03-01,EUROSTOXX,30,1.7424982764904742,4,Oil-Led Systemic Stress,0.305,0.0,15,3.961,4.634
2022-03-01,EUROSTOXX,60,-3.141124473757469,4,Oil-Led Systemic Stress,0.305,0.0,15,3.961,4.634
2022-03-01,EUROSTOXX,90,-10.781629884416919,4,Oil-Led Systemic Stress,0.305,0.0,15,3.961,4.634
2022-03-01,NIKKEI,30,-1.8988472259115776,4,Oil-Led Systemic Stress,0.305,0.0,15,3.961,4.634
2022-03-01,NIKKEI,60,-0.35977307863648994,4,Oil-Led Systemic Stress,0.305,0.0,15,3.961,4.634
2022-03-01,NIKKEI,90,-1.569209844492672,4,Oil-Led Systemic Stress,0.305,0.0,15,3.961,4.634
2022-03-01,Gold,30,1.5290337107998109,4,Oil-Led Systemic Stress,0.305,0.0,15,3.961,4.634
2022-03-01,Gold,60,-3.9796153138663226,4,Oil-Led Systemic Stress,0.305,0.0,15,3.961,4.634
2022-03-01,Gold,90,-9.297774573515909,4,Oil-Led Systemic Stress,0.305,0.0,15,3.961,4.634
2022-03-01,TLT,30,-12.839120202799108,4,Oil-Led Systemic Stress,0.305,0.0,15,3.961,4.634
2022-03-01,TLT,60,-15.608851437503512,4,Oil-Led Systemic Stress,0.305,0.0,15,3.961,4.634
2022-03-01,TLT,90,-16.80930169691734,4,Oil-Led Systemic Stress,0.305,0.0,15,3.961,4.634
2022-03-01,USDJPY,30,9.03213205631796,4,Oil-Led Systemic Stress,0.305,0.0,15,3.961,4.634
2022-03-01,USDJPY,60,11.095081089911202,4,Oil-Led Systemic Stress,0.305,0.0,15,3.961,4.634
2022-03-01,USDJPY,90,18.041669893149496,4,Oil-Led Systemic Stress,0.305,0.0,15,3.961,4.634
2022-03-01,USDCHF,30,1.5040833890725953,4,Oil-Led Systemic Stress,0.305,0.0,15,3.961,4.634
2022-03-01,USDCHF,60,5.280653092789119,4,Oil-Led Systemic Stress,0.305,0.0,15,3.961,4.634
2022-03-01,USDCHF,90,4.722610708073269,4,Oil-Led Systemic Stress,0.305,0.0,15,3.961,4.634
2022-03-01,WTI,30,-2.7173436693513042,4,Oil-Led Systemic Stress,0.305,0.0,15,3.961,4.634
2022-03-01,WTI,60,6.150268596583955,4,Oil-Led Systemic Stress,0.305,0.0,15,3.961,4.634
2022-03-01,WTI,90,-3.781069068409719,4,Oil-Led Systemic Stress,0.305,0.0,15,3.961,4.634
2022-03-01,Brent,30,-0.3143772765714721,4,Oil-Led Systemic Stress,0.305,0.0,15,3.961,4.634
2022-03-01,Brent,60,8.183286880058112,4,Oil-Led Systemic Stress,0.305,0.0,15,3.961,4.634
2022-03-01,Brent,90,-2.095841242309916,4,Oil-Led Systemic Stress,0.305,0.0,15,3.961,4.634
2022-03-01,USDBRL,30,-9.010543495814224,4,Oil-Led Systemic Stress,0.305,0.0,15,3.961,4.634
2022-03-01,USDBRL,60,-6.686184229561444,4,Oil-Led Systemic Stress,0.305,0.0,15,3.961,4.634
2022-03-01,USDBRL,90,3.2936557567427984,4,Oil-Led Systemic Stress,0.305,0.0,15,3.961,4.634
2022-03-01,USDMXN,30,-2.535391248067197,4,Oil-Led Systemic Stress,0.305,0.0,15,3.961,4.634
2022-03-01,USDMXN,60,-2.652596893216066,4,Oil-Led Systemic Stress,0.305,0.0,15,3.961,4.634
2022-03-01,USDMXN,90,-0.9398451558029486,4,Oil-Led Systemic Stress,0.305,0.0,15,3.961,4.634
2022-03-01,USDZAR,30,-5.05239197955781,4,Oil-Led Systemic Stress,0.305,0.0,15,3.961,4.634
2022-03-01,USDZAR,60,2.9368069873810607,4,Oil-Led Systemic Stress,0.305,0.0,15,3.961,4.634
2022-03-01,USDZAR,90,6.559353257188477,4,Oil-Led Systemic Stress,0.305,0.0,15,3.961,4.634
2022-03-01,HYG,30,-3.0106152778675175,4,Oil-Led Systemic Stress,0.305,0.0,15,3.961,4.634
2022-03-01,HYG,60,-6.367143970233438,4,Oil-Led Systemic Stress,0.305,0.0,15,3.961,4.634
2022-03-01,HYG,90,-9.62931425182455,4,Oil-Led Systemic Stress,0.305,0.0,15,3.961,4.634
2022-03-01,DXY,30,2.9565723695155066,4,Oil-Led Systemic Stress,0.305,0.0,15,3.961,4.634
2022-03-01,DXY,60,4.568316169741764,4,Oil-Led Systemic Stress,0.305,0.0,15,3.961,4.634
2022-03-01,DXY,90,9.331686681197056,4,Oil-Led Systemic Stress,0.305,0.0,15,3.961,4.634
2022-03-01,AUDUSD,30,2.11121230347378,4,Oil-Led Systemic Stress,0.305,0.0,15,3.961,4.634
2022-03-01,AUDUSD,60,-2.3825439015806147,4,Oil-Led Systemic Stress,0.305,0.0,15,3.961,4.634
2022-03-01,AUDUSD,90,-5.345687191717139,4,Oil-Led Systemic Stress,0.305,0.0,15,3.961,4.634
2022-03-01,USDCAD,30,-0.2084245061141055,4,Oil-Led Systemic Stress,0.305,0.0,15,3.961,4.634
2022-03-01,USDCAD,60,0.9521214670841556,4,Oil-Led Systemic Stress,0.305,0.0,15,3.961,4.634
2022-03-01,USDCAD,90,1.5063390375730676,4,Oil-Led Systemic Stress,0.305,0.0,15,3.961,4.634
2025-04-04,SPX,30,17.427785747801423,5,Equity-Led Systemic Stress,0.0143,0.0,33,6.852,3.259
2025-04-04,SPX,60,21.658896374766208,5,Equity-Led Systemic Stress,0.0143,0.0,33,6.852,3.259
2025-04-04,SPX,90,25.92332199994688,5,Equity-Led Systemic Stress,0.0143,0.0,33,6.852,3.259
2025-04-04,FTSE,30,7.816258341092489,5,Equity-Led Systemic Stress,0.0143,0.0,33,6.852,3.259
2025-04-04,FTSE,60,9.235262453445065,5,Equity-Led Systemic Stress,0.0143,0.0,33,6.852,3.259
2025-04-04,FTSE,90,12.919927936840473,5,Equity-Led Systemic Stress,0.0143,0.0,33,6.852,3.259
2025-04-04,EUROSTOXX,30,11.258401371905032,5,Equity-Led Systemic Stress,0.0143,0.0,33,6.852,3.259
2025-04-04,EUROSTOXX,60,9.169775449942392,5,Equity-Led Systemic Stress,0.0143,0.0,33,6.852,3.259
2025-04-04,EUROSTOXX,90,9.622803186818565,5,Equity-Led Systemic Stress,0.0143,0.0,33,6.852,3.259
2025-04-04,NIKKEI,30,11.761612279985217,5,Equity-Led Systemic Stress,0.0143,0.0,33,6.852,3.259
2025-04-04,NIKKEI,60,18.857613726822503,5,Equity-Led Systemic Stress,0.0143,0.0,33,6.852,3.259
2025-04-04,NIKKEI,90,23.80036929504148,5,Equity-Led Systemic Stress,0.0143,0.0,33,6.852,3.259
2025-04-04,Gold,30,5.6440903054448865,5,Equity-Led Systemic Stress,0.0143,0.0,33,6.852,3.259
2025-04-04,Gold,60,8.688577396144588,5,Equity-Led Systemic Stress,0.0143,0.0,33,6.852,3.259
2025-04-04,Gold,90,14.179950121389442,5,Equity-Led Systemic Stress,0.0143,0.0,33,6.852,3.259
2025-04-04,TLT,30,-6.712393918391306,5,Equity-Led Systemic Stress,0.0143,0.0,33,6.852,3.259
2025-04-04,TLT,60,-5.182460837510092,5,Equity-Led Systemic Stress,0.0143,0.0,33,6.852,3.259
2025-04-04,TLT,90,-4.574262323595866,5,Equity-Led Systemic Stress,0.0143,0.0,33,6.852,3.259
2025-04-04,USDJPY,30,-0.422616410990051,5,Equity-Led Systemic Stress,0.0143,0.0,33,6.852,3.259
2025-04-04,USDJPY,60,-1.0510784539299485,5,Equity-Led Systemic Stress,0.0143,0.0,33,6.852,3.259
2025-04-04,USDJPY,90,0.41441472463568496,5,Equity-Led Systemic Stress,0.0143,0.0,33,6.852,3.259
2025-04-04,USDCHF,30,-2.8642639356144146,5,Equity-Led Systemic Stress,0.0143,0.0,33,6.852,3.259
2025-04-04,USDCHF,60,-6.787628739537397,5,Equity-Led Systemic Stress,0.0143,0.0,33,6.852,3.259
2025-04-04,USDCHF,90,-6.2289804505703446,5,Equity-Led Systemic Stress,0.0143,0.0,33,6.852,3.259
2025-04-04,WTI,30,0.8065816848875532,5,Equity-Led Systemic Stress,0.0143,0.0,33,6.852,3.259
2025-04-04,WTI,60,5.694458572382663,5,Equity-Led Systemic Stress,0.0143,0.0,33,6.852,3.259
2025-04-04,WTI,90,3.048877784278168,5,Equity-Led Systemic Stress,0.0143,0.0,33,6.852,3.259
2025-04-04,Brent,30,-0.25922257425862366,5,Equity-Led Systemic Stress,0.0143,0.0,33,6.852,3.259
2025-04-04,Brent,60,3.3394247497179403,5,Equity-Led Systemic Stress,0.0143,0.0,33,6.852,3.259
2025-04-04,Brent,90,1.5400952708690925,5,Equity-Led Systemic Stress,0.0143,0.0,33,6.852,3.259
2025-04-04,USDBRL,30,0.9004402355510871,5,Equity-Led Systemic Stress,0.0143,0.0,33,6.852,3.259
2025-04-04,USDBRL,60,-2.7261762649489034,5,Equity-Led Systemic Stress,0.0143,0.0,33,6.852,3.259
2025-04-04,USDBRL,90,-3.8415091041633356,5,Equity-Led Systemic Stress,0.0143,0.0,33,6.852,3.259
2025-04-04,USDMXN,30,-2.3118941335105037,5,Equity-Led Systemic Stress,0.0143,0.0,33,6.852,3.259
2025-04-04,USDMXN,60,-5.284913167848444,5,Equity-Led Systemic Stress,0.0143,0.0,33,6.852,3.259
2025-04-04,USDMXN,90,-6.643822488313403,5,Equity-Led Systemic Stress,0.0143,0.0,33,6.852,3.259
2025-04-04,USDZAR,30,-3.9590989431213495,5,Equity-Led Systemic Stress,0.0143,0.0,33,6.852,3.259
2025-04-04,USDZAR,60,-4.688058701118679,5,Equity-Led Systemic Stress,0.0143,0.0,33,6.852,3.259
2025-04-04,USDZAR,90,-5.58185834965703,5,Equity-Led Systemic Stress,0.0143,0.0,33,6.852,3.259
2025-04-04,HYG,30,3.995913852486678,5,Equity-Led Systemic Stress,0.0143,0.0,33,6.852,3.259
2025-04-04,HYG,60,5.700058363052152,5,Equity-Led Systemic Stress,0.0143,0.0,33,6.852,3.259
2025-04-04,HYG,90,6.576164621758253,5,Equity-Led Systemic Stress,0.0143,0.0,33,6.852,3.259
2025-04-04,DXY,30,-1.8734229936569085,5,Equity-Led Systemic Stress,0.0143,0.0,33,6.852,3.259
2025-04-04,DXY,60,-5.455246845579998,5,Equity-Led Systemic Stress,0.0143,0.0,33,6.852,3.259
2025-04-04,DXY,90,-4.698113468844083,5,Equity-Led Systemic Stress,0.0143,0.0,33,6.852,3.259
2025-04-04,AUDUSD,30,1.301016392546392,5,Equity-Led Systemic Stress,0.0143,0.0,33,6.852,3.259
2025-04-04,AUDUSD,60,3.52322395228997,5,Equity-Led Systemic Stress,0.0143,0.0,33,6.852,3.259
2025-04-04,AUDUSD,90,3.1976069578069373,5,Equity-Led Systemic Stress,0.0143,0.0,33,6.852,3.259
2025-04-04,USDCAD,30,-0.8969523278828587,5,Equity-Led Systemic Stress,0.0143,0.0,33,6.852,3.259
2025-04-04,USDCAD,60,-3.109863114617602,5,Equity-Led Systemic Stress,0.0143,0.0,33,6.852,3.259
2025-04-04,USDCAD,90,-2.4749663456625917,5,Equity-Led Systemic Stress,0.0143,0.0,33,6.852,3.259
